<?xml version="1.0" encoding="UTF-8" standalone="no"?>
<multados>
	<coche matricula="1534GMF">
		<modelo>Opel Astra</modelo>
		<motor>eléctrico</motor>
		<propietario>
			<nombre>Juan</nombre>
			<email>juan@gmail.com</email>
			<telefono>638441557</telefono>
		</propietario>
		<multas>
			<multa>
				<fecha>2021-09-05</fecha>
				<hora>20:15:20</hora>
				<importe>100</importe>
			</multa>
			<multa>
				<fecha>2021-10-23</fecha>
				<hora>16:13:28</hora>
				<importe>150</importe>
			</multa>
		</multas>
	</coche>
	
	<coche matricula="5794HFV">
		<modelo>Ford Focus</modelo>
		<motor>diesel</motor>
		<propietario>
			<nombre>Pedro</nombre>
			<email>pedro@gmail.com</email>
			<telefono>672456758</telefono>
		</propietario>
		<multas>
			<multa>
				<fecha>2021-10-17</fecha>
				<hora>15:50:32</hora>
				<importe>150</importe>
			</multa>
		</multas>
	</coche>
</multados>

			