<?xml version="1.0" encoding="UTF-8" standalone="no"?>
<tienda>

  <alimento cod="5410188031072">
    <descripcion>Gazpacho - Alvalle - 1 L</descripcion>
    <marca>Alvalle</marca>
    <envases>Brique, Cartón, Plástico</envases>
    <cantidad>1 L</cantidad>
    <precio>2.10</precio>
    <nutricion>
      <energia>46 kcal</energia>
      <grasas>2,6 g</grasas>
      <hidratos>3,9 g</hidratos>
      <proteinas>0,9 g</proteinas>
    </nutricion>
  </alimento>

  <alimento cod="8410100002309">
    <descripcion>Leche condensada sirve fácil - Nestlé – 500 g</descripcion>
    <marca>Nestlé</marca>
    <envases>Tubo</envases>
    <cantidad>500 g</cantidad>
    <precio>2.99</precio>
    <nutricion>
      <energia>330 kcal</energia>
      <grasas>8,5 g</grasas>
      <hidratos>55,5 g</hidratos>
      <proteinas>7,26 g</proteinas>
    </nutricion>
 </alimento>

</tienda>