{
  "alimentos": [
    {
      "cod": "5410188031072",
      "descripcion": "Gazpacho - Alvalle - 1 L",
      "marca": "Alvalle",
      "envases": "Brique, Cartón, Plástico",
      "cantidad": "1 L",
      "precio": 2.21,
      "nutricion": {
        "energia": "46 kcal",
        "grasas": "2,6 g",
        "hidratos": "3,9 g",
        "proteinas": "0,9 g"
      }
    },
    {
      "cod": "8410100002309",
      "descripcion": "Leche condensada sirve fácil - Nestlé – 500 g",
      "marca": "Nestlé",
      "envases": "Tubo",
      "cantidad": "500 g",
      "precio": 3.299,
      "nutricion": {
        "energia": "330 kcal",
        "grasas": "8,5 g",
        "hidratos": "55,5 g",
        "proteinas": "7,26 g"
      }
    }
  ]
}